﻿Région;Sect_Prim_Micro;Sect_Prim_PME;Sect_Prim_ETI;Sect_Prim_GE;Sect_Sec_Micro;Sect_Sec_PME;Sect_Sec_ETI;Sect_Sec_GE;Sect_Ter_Micro;Sect_Ter_PME;Sect_Ter_ETI;Sect_Ter_GE
Île-de-France;10093;75;1;0;174579;10383;335;2;1069288;66341;2548;15
Centre-Val de Loire;31030;183;1;0;30628;3194;107;0;123711;10687;220;0
Bourgogne-Franche-Comté;39236;170;0;0;35815;3813;90;1;145673;11332;216;2
Normandie;43434;163;0;0;36593;4066;134;0;161877;13368;298;2
Hauts-de-France;37007;227;1;0;53437;6356;199;0;268516;23368;607;3
Grand Est;63586;258;1;0;65946;6778;202;1;278307;22757;476;3
Pays de la Loire;40616;369;3;0;44542;5355;177;0;191610;16321;333;2
Bretagne;42329;250;1;0;38803;4247;103;0;170778;14034;285;1
Nouvelle-Aquitaine;108688;807;1;0;93910;7112;141;0;372509;25852;495;3
Occitanie;104619;377;0;0;107244;5907;100;2;396609;25243;516;4
Auvergne-Rhône-Alpes;82997;248;2;0;121507;11691;263;1;517608;36890;722;4
Provence-Alpes-Côte d'Azur;32121;303;1;0;99551;4646;65;1;436543;23645;489;5
