﻿Région;Sect_Prim_Micro;Sect_Prim_PME;Sect_Prim_ETI;Sect_Prim_GE;Sect_Sec_Micro;Sect_Sec_PME;Sect_Sec_ETI;Sect_Sec_GE;Sect_Ter_Micro;Sect_Ter_PME;Sect_Ter_ETI;Sect_Ter_GE
Île-de-France;9840;57;2;0;164978;9883;348;3;1005002;63805;2504;14
Centre-Val de Loire;30868;132;2;0;30032;3165;111;0;120209;10464;214;0
Bourgogne-Franche-Comté;38683;192;2;0;34867;3725;95;1;140904;11153;217;2
Normandie;42924;164;0;0;35491;3999;129;0;156623;13225;286;2
Hauts-de-France;36288;228;1;0;52050;6223;183;0;258237;22961;577;3
Grand Est;62576;249;2;0;64204;6644;196;1;268042;22263;462;3
Pays de la Loire;40606;295;6;0;42881;5160;178;0;183905;15872;331;2
Bretagne;41964;259;1;0;37801;4092;104;0;165130;13708;272;1
Nouvelle-Aquitaine;107792;733;2;0;90340;6904;138;0;354749;25301;471;3
Occitanie;104222;342;1;0;102833;5723;97;2;379792;24729;483;3
Auvergne-Rhône-Alpes;82294;224;2;0;116792;11355;272;1;493816;35827;682;3
Provence-Alpes-Côte d'Azur;31704;267;1;0;95105;4504;65;1;416791;23049;485;5
