﻿Région;Sect_Prim_Micro;Sect_Prim_PME;Sect_Prim_ETI;Sect_Prim_GE;Sect_Sec_Micro;Sect_Sec_PME;Sect_Sec_ETI;Sect_Sec_GE;Sect_Ter_Micro;Sect_Ter_PME;Sect_Ter_ETI;Sect_Ter_GE
Île-de-France;10422;72;2;0;185498;10608;340;2;1151919;67407;2521;12
Centre-Val de Loire;31219;179;2;0;31683;3160;111;0;129069;10802;224;0
Bourgogne-Franche-Comté;39830;195;2;0;37393;3807;91;1;151767;11411;227;2
Normandie;43842;173;0;0;37996;4045;136;0;169656;13456;301;2
Hauts-de-France;37619;248;1;0;56350;6307;192;0;281610;23546;613;4
Grand Est;64556;296;3;0;69072;6860;205;1;291569;22972;488;3
Pays de la Loire;40807;387;2;0;46707;5333;184;0;201384;16627;336;2
Bretagne;42463;274;1;0;40608;4256;110;0;179424;14183;300;1
Nouvelle-Aquitaine;109357;835;2;0;99071;7210;141;0;394994;26201;515;3
Occitanie;105263;408;1;0;113056;6004;106;2;417260;25568;528;4
Auvergne-Rhône-Alpes;83767;270;2;0;127705;11747;283;1;547103;37491;743;4
Provence-Alpes-Côte d'Azur;32535;329;1;0;105381;4678;75;1;461485;24034;509;5
